<?xml version="1.0" encoding="utf-8"?>
<openerp>
    <data noupdate="1">
        
        <record id="project_transportation1" model="project.project">
            <field name="date_start" eval="time.strftime('%Y-%m-%d 10:00:00')"/>
            <!--<field name="state">open</field>-->
            <!--<field name="type">normal</field>-->
            <!--<field name="description">Tranportation</field>-->
            <field name="name">Transportation</field>
        </record>
       
     </data>
</openerp>