<?xml version="1.0" encoding="utf-8"?>
<odoo>
    <data>

        <record model="ir.module.category" id="module_branch_management">
            <field name="name">Branch</field>
            <field name="sequence">11</field>
        </record>

        <record id="group_branch_user" model="res.groups">
            <field name="name">User</field>
            <field name="implied_ids" eval="[(4, ref('base.group_user'))]"/>
            <field name="category_id" ref="module_branch_management"/>
        </record>

        <record id="group_branch_user_manager" model="res.groups">
            <field name="name">Manager</field>
            <field name="category_id" ref="module_branch_management"/>
            <field name="implied_ids" eval="[(4, ref('group_branch_user'))]"/>
            <field name="users" eval="[(4, ref('base.user_root')), (4, ref('base.user_admin'))]"/>
        </record>

        <record id="base.default_user" model="res.users">
            <field name="groups_id" eval="[(4,ref('branch.group_branch_user_manager'))]"/>
        </record>

        <record id="res_branch_manager_rule" model="ir.rule">
            <field name="name">Res Branch Manager</field>
            <field name="model_id" ref="model_res_branch"/>
            <field name="global" eval="True"/>
            <field name="domain_force">[(1,'=',1)]</field>
            <field name="groups" eval="[(4, ref('branch.group_branch_user_manager'))]"/>
        </record>


        <record id="res_branch_user_rule" model="ir.rule">
            <field name="name">Res Branch User</field>
            <field name="model_id" ref="model_res_branch"/>
            <field name="global" eval="True"/>
            <field name="domain_force">[('id','=',user.branch_id.id)]</field>
            <field name="groups" eval="[(4, ref('branch.group_branch_user'))]"/>
        </record>

        <record id="sale.sale_order_personal_rule" model="ir.rule">
            <field name="name">Personal Orders</field>
            <field ref="model_sale_order" name="model_id"/>
            <field name="domain_force">['|','&amp;','|',('branch_id','in',branch_ids),('branch_id','=',False),('user_id','=',user.id),('user_id','=',False)]</field>
            <field name="groups" eval="[(4, ref('sales_team.group_sale_salesman'))]"/>
        </record>

        <record id="sale.sale_order_see_all" model="ir.rule">
            <field name="name">All Branch Orders</field>
            <field ref="model_sale_order" name="model_id"/>
            <field name="domain_force">['|',('branch_id','=',False),('branch_id','in',branch_ids)]</field>
            <field name="groups" eval="[(4, ref('sales_team.group_sale_salesman_all_leads'))]"/>
        </record>

        <record id="sale_order_all_manager" model="ir.rule">
            <field name="name">All Orders</field>
            <field ref="model_sale_order" name="model_id"/>
            <field name="domain_force">[(1,'=',1)]</field>
            <field name="groups" eval="[(4,ref('sales_team.group_sale_manager'))]"/>
        </record>


        <record id="purchase_branch_manager_rule" model="ir.rule">
            <field name="name">Purchase Branch Manager</field>
            <field name="model_id" ref="model_purchase_order"/>
            <field name="global" eval="True"/>
            <field name="domain_force">[(1,'=',1)]</field>
            <field name="groups" eval="[(4, ref('branch.group_branch_user_manager'))]"/>
        </record>

        <record id="purchase_branch_rule" model="ir.rule">
            <field name="name">Purchase Branch</field>
            <field name="model_id" ref="model_purchase_order"/>
            <field name="global" eval="True"/>
            <field name="domain_force">['|',('branch_id','=',False),('branch_id','in',branch_ids)]</field>
            <field name="groups" eval="[(4, ref('branch.group_branch_user'))]"/>
        </record>

        <record id="picking_branch_manager_rule" model="ir.rule">
            <field name="name">Picking Branch Manager</field>
            <field name="model_id" ref="model_stock_picking"/>
            <field name="global" eval="True"/>
            <field name="domain_force">[(1,'=',1)]</field>
            <field name="groups" eval="[(4, ref('branch.group_branch_user_manager'))]"/>
        </record>

        <record id="picking_branch_rule" model="ir.rule">
            <field name="name">Picking Branch</field>
            <field name="model_id" ref="model_stock_picking"/>
            <field name="global" eval="True"/>
            <field name="domain_force">['|',('branch_id','=',False),('branch_id','in',branch_ids)]</field>
            <field name="groups" eval="[(4, ref('branch.group_branch_user'))]"/>
        </record>

        <record id="warehouse_branch_manager_rule" model="ir.rule">
            <field name="name">Warehouse Branch Manager</field>
            <field name="model_id" ref="stock.model_stock_warehouse"/>
            <field name="global" eval="True"/>
            <field name="domain_force">[(1,'=',1)]</field>
            <field name="groups" eval="[(4, ref('branch.group_branch_user_manager'))]"/>
        </record>

        <record id="warehouse_branch_rule" model="ir.rule">
            <field name="name">Warehouse Branch</field>
            <field name="model_id" ref="stock.model_stock_warehouse"/>
            <field name="global" eval="True"/>
            <field name="domain_force">['|',('branch_id','=',False),('branch_id','in',branch_ids)]</field>
            <field name="groups" eval="[(4, ref('branch.group_branch_user'))]"/>
        </record>

        <record id="location_branch_manager_rule" model="ir.rule">
            <field name="name">Location Branch Manager</field>
            <field name="model_id" ref="model_stock_location"/>
            <field name="global" eval="True"/>
            <field name="domain_force">[(1,'=',1)]</field>
            <field name="groups" eval="[(4, ref('branch.group_branch_user_manager'))]"/>
        </record>

        <record id="location_branch_rule" model="ir.rule">
            <field name="name">Location Branch</field>
            <field name="model_id" ref="model_stock_location"/>
            <field name="global" eval="True"/>
            <field name="domain_force">['|',('branch_id','=',False),('branch_id','in',branch_ids)]</field>
            <field name="groups" eval="[(4, ref('branch.group_branch_user'))]"/>
        </record>

        <record id="picking_type_branch_manager_rule" model="ir.rule">
            <field name="name">Picking Type Branch Manager</field>
            <field name="model_id" ref="stock.model_stock_picking_type"/>
            <field name="global" eval="True"/>
            <field name="domain_force">[(1,'=',1)]</field>
            <field name="groups" eval="[(4, ref('branch.group_branch_user_manager'))]"/>
        </record>

        <record id="picking_type_branch_rule" model="ir.rule">
            <field name="name">Picking Type Branch</field>
            <field name="model_id" ref="stock.model_stock_picking_type"/>
            <field name="global" eval="True"/>
            <field name="domain_force">['|',('branch_id','=',False),('branch_id','in',branch_ids)]</field>
            <field name="groups" eval="[(4, ref('branch.group_branch_user'))]"/>
        </record>

        <record id="stock_quant_branch_manager_rule" model="ir.rule">
            <field name="name">Stock Quant Branch Manager</field>
            <field name="model_id" ref="stock.model_stock_quant"/>
            <field name="global" eval="True"/>
            <field name="domain_force">[(1,'=',1)]</field>
            <field name="groups" eval="[(4, ref('branch.group_branch_user_manager'))]"/>
        </record>

        <record id="stock_quant_branch_rule" model="ir.rule">
            <field name="name">Stock Quant Branch</field>
            <field name="model_id" ref="stock.model_stock_quant"/>
            <field name="global" eval="True"/>
            <field name="domain_force">
                ['|',('location_id.branch_id','=',False),('location_id.branch_id','in',branch_ids)]
            </field>
            <field name="groups" eval="[(4, ref('branch.group_branch_user'))]"/>
        </record>

        <record id="stock_move_line_branch_manager_rule" model="ir.rule">
            <field name="name">Stock Move Line Branch Manager</field>
            <field name="model_id" ref="stock.model_stock_move_line"/>
            <field name="global" eval="True"/>
            <field name="domain_force">[(1,'=',1)]</field>
            <field name="groups" eval="[(4, ref('branch.group_branch_user_manager'))]"/>
        </record>

        <record id="stock_move_line_branch_rule" model="ir.rule">
            <field name="name">Stock Move Line Branch</field>
            <field name="model_id" ref="stock.model_stock_move_line"/>
            <field name="global" eval="True"/>
            <field name="domain_force">
                ['|',('location_dest_id.branch_id','=',False),('location_dest_id.branch_id','in',branch_ids)]
            </field>
            <field name="groups" eval="[(4, ref('branch.group_branch_user'))]"/>
        </record>

        <record id="warehouse_branch_manager_rule" model="ir.rule">
            <field name="name">Warehouse Branch Manager</field>
            <field name="model_id" ref="model_stock_warehouse"/>
            <field name="global" eval="True"/>
            <field name="domain_force">[(1,'=',1)]</field>
            <field name="groups" eval="[(4, ref('branch.group_branch_user_manager'))]"/>
        </record>

        <record id="warehouse_branch_rule" model="ir.rule">
            <field name="name">Warehouse Branch</field>
            <field name="model_id" ref="model_stock_warehouse"/>
            <field name="global" eval="True"/>
            <field name="domain_force">['|',('branch_id','=',False),('branch_id','in',branch_ids)]</field>
            <field name="groups" eval="[(4, ref('branch.group_branch_user'))]"/>
        </record>

        <record id="product_template_branch_manager_rule" model="ir.rule">
            <field name="name">Product Template Branch Manager</field>
            <field name="model_id" ref="model_product_template"/>
            <field name="global" eval="True"/>
            <field name="domain_force">[(1,'=',1)]</field>
            <field name="groups" eval="[(4, ref('branch.group_branch_user_manager'))]"/>
        </record>

        <record id="product_template_branch_rule" model="ir.rule">
            <field name="name">Product Template Branch</field>
            <field name="model_id" ref="model_product_template"/>
            <field name="global" eval="True"/>
            <field name="domain_force">[('branch_id','in',branch_ids)]</field>
            <field name="groups" eval="[(4, ref('branch.group_branch_user'))]"/>
        </record>

        <record id="product_product_branch_manager_rule" model="ir.rule">
            <field name="name">Product Product Branch Manager</field>
            <field name="model_id" ref="product.model_product_product"/>
            <field name="global" eval="True"/>
            <field name="domain_force">[(1,'=',1)]</field>
            <field name="groups" eval="[(4, ref('branch.group_branch_user_manager'))]"/>
        </record>

        <record id="product_product_branch_rule" model="ir.rule">
            <field name="name">Product Product Branch</field>
            <field name="model_id" ref="product.model_product_product"/>
            <field name="global" eval="True"/>
            <field name="domain_force">[('product_tmpl_id.branch_id','in',branch_ids)]</field>
            <field name="groups" eval="[(4, ref('branch.group_branch_user'))]"/>
        </record>


    </data>

</odoo>
