"id","name","model_id:id","group_id:id","perm_read","perm_write","perm_create","perm_unlink"
"access_product_category","product.category","product.model_product_category","hotel.group_hotel_user",1,1,0,0
"access_hotel_housekeeping_acitivity_type","hotel.housekeeping.activity.type","model_hotel_housekeeping_activity_type","hotel.group_hotel_user",1,1,0,0
"access_product_product","product.product","product.model_product_product","hotel.group_hotel_user",1,1,1,1
"access_h_activity","h.activity","model_h_activity","hotel.group_hotel_user",1,1,1,1
"access_hotel_housekeeping","hotel.housekeeping","model_hotel_housekeeping","hotel.group_hotel_user",1,1,1,1
"access_hotel_housekeeping_activities","hotel.housekeeping.activities","model_hotel_housekeeping_activities","hotel.group_hotel_user",1,1,1,1
hotel_housekeeping.access_activity_type,access_activity_type,hotel_housekeeping.model_activity_type,base.group_user,1,0,0,0
hotel_housekeeping.access_activity_housekeeping,access_activity_housekeeping,hotel_housekeeping.model_activity_housekeeping,base.group_user,1,0,0,0