id,name,model_id:id,group_id:id,perm_read,perm_write,perm_create,perm_unlink
access_hotel_floor_group,hotel.floor,model_hotel_floor,hotel.group_hotel_user,1,1,0,0
access_product_category,product.category,product.model_product_category,hotel.group_hotel_user,1,1,0,0
access_hotel_room_type,hotel.room_type,model_hotel_room_type,hotel.group_hotel_user,1,1,0,0
access_product_product,product.product,product.model_product_product,hotel.group_hotel_user,1,1,1,1
access_hotel_room_amenities_type,hotel.room_amenities_type,model_hotel_room_amenities_type,hotel.group_hotel_user,1,1,0,0
access_hotel_room_amenities,hotel.room_amenities,model_hotel_room_amenities,hotel.group_hotel_user,1,1,0,0
access_hotel_room,hotel.room,model_hotel_room,hotel.group_hotel_user,1,1,0,0
access_hotel_folio,hotel.folio,model_hotel_folio,hotel.group_hotel_user,1,1,1,1
access_hotel_folio_line,hotel_folio.line,model_hotel_folio_line,hotel.group_hotel_user,1,1,1,1
access_hotel_service_line,hotel_service.line,model_hotel_service_line,hotel.group_hotel_user,1,1,1,1
access_hotel_service_type,hotel.service_type,model_hotel_service_type,hotel.group_hotel_user,1,1,0,0
access_hotel_services,hotel.services,model_hotel_services,hotel.group_hotel_user,1,1,0,0
access_hotel_room_images_user,hotel.room.images,model_hotel_room_images,hotel.group_hotel_user,1,1,1,1
access_hotel_room_images_mng,hotel.room.images,model_hotel_room_images,hotel.group_hotel_manager,1,1,1,1
access_hotel_room_images_public_user,hotel.room.images,model_hotel_room_images,base.group_public,1,1,1,1
access_sale_shop,sale.shop,model_sale_shop,base.group_user,1,1,0,0
access_sale_shop_sale_user,sale.shop.sale.user,model_sale_shop,sales_team.group_sale_salesman,1,0,0,0
access_sale_shop_sale_manager,sale.shop.sale.manager,model_sale_shop,sales_team.group_sale_manager,1,1,1,1

