<?xml version="1.0" encoding="UTF-8"?>
<templates xml:space="preserve">

<t t-name="web.SwitchBranchMenu">
    <Dropdown class="'o_switch_branch_menu d-none d-md-block'" position="'bottom-end'">
        <t t-set-slot="toggler">
            <i class="fa fa-building d-lg-none"/>
            <span class="oe_topbar_name d-none d-lg-block" t-esc="BranchService.currentBranch.name"/>
        </t>
        <t t-foreach="Object.values(BranchService.allowedBranchesWithAncestors)
                      .filter((b) => !b.parent_id)
                      .sort((b1, b2) => b1.sequence - b2.sequence)
                     " t-as="branch" t-key="branch.id">
            <SwitchBranchItem branch="branch" level="0"/>
        </t>
    </Dropdown>
</t>


<t t-name="web.SwitchBranchItem">
    <DropdownItem class="'p-0'" parentClosingMode="!isBranchAllowed ? 'none' : 'all'">
        <div
            class="d-flex"
            t-att-class="{ 'disabled': !isBranchAllowed }"
            data-menu="branch"
            t-att-data-branch-id="props.branch.id">
            <div
                role="menuitemcheckbox"
                t-att-aria-checked="isBranchSelected ? 'true' : 'false'"
                t-att-aria-label="props.branch.name"
                t-att-title="(isBranchSelected ? 'Hide ' : 'Show ') + props.branch.name + ' content.'"
                tabindex="0"
                class="border-end toggle_branch"
                t-att-class="{ 'border-primary': isCurrent, 'disabled': !isBranchAllowed }"
                t-on-click.stop="() => this.toggleBranch()">

                <span class="btn border-0 p-2" t-att-class="isBranchAllowed ? 'btn-link text-primary' : 'disabled'">
                    <i class="fa fa-fw py-2" t-att-class="isBranchSelected ? 'fa-check-square text-primary' : 'fa-square-o'"/>
                </span>
            </div>

            <div
                role="button"
                t-att-aria-pressed="isCurrent ? 'true' : 'false'"
                t-att-aria-label="'Switch to ' + props.branch.name "
                t-att-title="'Switch to ' + props.branch.name "
                tabindex="0"
                class="d-flex flex-grow-1 align-items-center py-0 log_into ps-2"
                t-att-class="isCurrent ? 'alert-primary' : 'btn fw-normal border-0 ' + (isBranchAllowed ? 'btn-link text-primary' : 'disabled')"
                t-on-click="() => this.logIntoBranch()">

                <span
                    class='branch_label pe-3'
                    t-att-class="isCurrent ? 'text-900 fw-bold' : ''">
                    <t t-out="props.branch.name"/>
                </span>
            </div>
        </div>
    </DropdownItem>
</t>

</templates>
